age,sex,time,count
0,Female,2010,418
1,Female,2010,424
2,Female,2010,374
3,Female,2010,388
4,Female,2010,416
5,Female,2010,407
6,Female,2010,401
7,Female,2010,384
8,Female,2010,443
9,Female,2010,410
10,Female,2010,402
11,Female,2010,422
12,Female,2010,417
13,Female,2010,471
14,Female,2010,448
15,Female,2010,436
16,Female,2010,378
17,Female,2010,446
18,Female,2010,499
19,Female,2010,476
20,Female,2010,477
21,Female,2010,466
22,Female,2010,476
23,Female,2010,427
24,Female,2010,391
25,Female,2010,405
26,Female,2010,382
27,Female,2010,371
28,Female,2010,400
29,Female,2010,417
30,Female,2010,374
31,Female,2010,356
32,Female,2010,317
33,Female,2010,306
34,Female,2010,314
35,Female,2010,309
36,Female,2010,259
37,Female,2010,275
38,Female,2010,303
39,Female,2010,314
40,Female,2010,320
41,Female,2010,403
42,Female,2010,499
43,Female,2010,487
44,Female,2010,552
45,Female,2010,484
46,Female,2010,552
47,Female,2010,506
48,Female,2010,446
49,Female,2010,496
50,Female,2010,428
51,Female,2010,390
52,Female,2010,381
53,Female,2010,334
54,Female,2010,342
55,Female,2010,307
56,Female,2010,295
57,Female,2010,279
58,Female,2010,242
59,Female,2010,228
60,Female,2010,258
61,Female,2010,176
62,Female,2010,142
63,Female,2010,183
64,Female,2010,183
65,Female,2010,162
66,Female,2010,169
67,Female,2010,152
68,Female,2010,174
69,Female,2010,121
70,Female,2010,139
71,Female,2010,100
72,Female,2010,88
73,Female,2010,104
74,Female,2010,87
75,Female,2010,89
76,Female,2010,76
77,Female,2010,77
78,Female,2010,61
79,Female,2010,62
80,Female,2010,68
81,Female,2010,62
82,Female,2010,36
83,Female,2010,26
84,Female,2010,26
85,Female,2010,25
86,Female,2010,17
87,Female,2010,9
88,Female,2010,6
89,Female,2010,5
90,Female,2010,1
91,Female,2010,9
92,Female,2010,2
93,Female,2010,2
94,Female,2010,4
95,Female,2010,0
96,Female,2010,1
97,Female,2010,0
98,Female,2010,0
99,Female,2010,0
100+,Female,2010,1
0,Male,2010,444
1,Male,2010,467
2,Male,2010,429
3,Male,2010,427
4,Male,2010,376
5,Male,2010,416
6,Male,2010,412
7,Male,2010,433
8,Male,2010,422
9,Male,2010,424
10,Male,2010,417
11,Male,2010,409
12,Male,2010,443
13,Male,2010,504
14,Male,2010,442
15,Male,2010,455
16,Male,2010,384
17,Male,2010,488
18,Male,2010,456
19,Male,2010,490
20,Male,2010,491
21,Male,2010,486
22,Male,2010,464
23,Male,2010,433
24,Male,2010,413
25,Male,2010,450
26,Male,2010,409
27,Male,2010,387
28,Male,2010,430
29,Male,2010,416
30,Male,2010,433
31,Male,2010,365
32,Male,2010,346
33,Male,2010,387
34,Male,2010,355
35,Male,2010,337
36,Male,2010,339
37,Male,2010,363
38,Male,2010,375
39,Male,2010,380
40,Male,2010,417
41,Male,2010,440
42,Male,2010,544
43,Male,2010,605
44,Male,2010,595
45,Male,2010,650
46,Male,2010,605
47,Male,2010,582
48,Male,2010,532
49,Male,2010,528
50,Male,2010,552
51,Male,2010,532
52,Male,2010,499
53,Male,2010,471
54,Male,2010,428
55,Male,2010,417
56,Male,2010,385
57,Male,2010,338
58,Male,2010,346
59,Male,2010,332
60,Male,2010,328
61,Male,2010,240
62,Male,2010,293
63,Male,2010,229
64,Male,2010,271
65,Male,2010,232
66,Male,2010,221
67,Male,2010,186
68,Male,2010,180
69,Male,2010,168
70,Male,2010,159
71,Male,2010,101
72,Male,2010,103
73,Male,2010,100
74,Male,2010,89
75,Male,2010,72
76,Male,2010,69
77,Male,2010,65
78,Male,2010,47
79,Male,2010,33
80,Male,2010,36
81,Male,2010,35
82,Male,2010,29
83,Male,2010,18
84,Male,2010,9
85,Male,2010,9
86,Male,2010,11
87,Male,2010,8
88,Male,2010,1
89,Male,2010,2
90,Male,2010,1
91,Male,2010,1
92,Male,2010,1
93,Male,2010,0
94,Male,2010,0
95,Male,2010,0
96,Male,2010,0
97,Male,2010,0
98,Male,2010,0
99,Male,2010,0
100+,Male,2010,0
0,Female,2011,378
1,Female,2011,408
2,Female,2011,418
3,Female,2011,372
4,Female,2011,380
5,Female,2011,413
6,Female,2011,407
7,Female,2011,394
8,Female,2011,374
9,Female,2011,441
10,Female,2011,409
11,Female,2011,397
12,Female,2011,420
13,Female,2011,412
14,Female,2011,467
15,Female,2011,430
16,Female,2011,360
17,Female,2011,459
18,Female,2011,449
19,Female,2011,497
20,Female,2011,477
21,Female,2011,469
22,Female,2011,450
23,Female,2011,474
24,Female,2011,427
25,Female,2011,405
26,Female,2011,414
27,Female,2011,397
28,Female,2011,370
29,Female,2011,405
30,Female,2011,422
31,Female,2011,380
32,Female,2011,358
33,Female,2011,314
34,Female,2011,307
35,Female,2011,304
36,Female,2011,304
37,Female,2011,254
38,Female,2011,275
39,Female,2011,299
40,Female,2011,315
41,Female,2011,322
42,Female,2011,398
43,Female,2011,487
44,Female,2011,485
45,Female,2011,552
46,Female,2011,480
47,Female,2011,540
48,Female,2011,494
49,Female,2011,443
50,Female,2011,490
51,Female,2011,419
52,Female,2011,386
53,Female,2011,375
54,Female,2011,334
55,Female,2011,341
56,Female,2011,299
57,Female,2011,294
58,Female,2011,277
59,Female,2011,236
60,Female,2011,225
61,Female,2011,260
62,Female,2011,164
63,Female,2011,134
64,Female,2011,176
65,Female,2011,164
66,Female,2011,155
67,Female,2011,160
68,Female,2011,151
69,Female,2011,169
70,Female,2011,117
71,Female,2011,134
72,Female,2011,95
73,Female,2011,80
74,Female,2011,99
75,Female,2011,78
76,Female,2011,82
77,Female,2011,71
78,Female,2011,72
79,Female,2011,56
80,Female,2011,53
81,Female,2011,56
82,Female,2011,57
83,Female,2011,32
84,Female,2011,21
85,Female,2011,22
86,Female,2011,22
87,Female,2011,17
88,Female,2011,6
89,Female,2011,6
90,Female,2011,4
91,Female,2011,1
92,Female,2011,6
93,Female,2011,1
94,Female,2011,0
95,Female,2011,3
96,Female,2011,0
97,Female,2011,1
98,Female,2011,0
99,Female,2011,0
100+,Female,2011,1
0,Male,2011,427
1,Male,2011,438
2,Male,2011,466
3,Male,2011,429
4,Male,2011,420
5,Male,2011,378
6,Male,2011,423
7,Male,2011,403
8,Male,2011,431
9,Male,2011,417
10,Male,2011,422
11,Male,2011,413
12,Male,2011,408
13,Male,2011,437
14,Male,2011,496
15,Male,2011,431
16,Male,2011,372
17,Male,2011,435
18,Male,2011,498
19,Male,2011,465
20,Male,2011,486
21,Male,2011,485
22,Male,2011,497
23,Male,2011,468
24,Male,2011,436
25,Male,2011,414
26,Male,2011,460
27,Male,2011,409
28,Male,2011,390
29,Male,2011,431
30,Male,2011,415
31,Male,2011,434
32,Male,2011,366
33,Male,2011,347
34,Male,2011,398
35,Male,2011,345
36,Male,2011,336
37,Male,2011,329
38,Male,2011,359
39,Male,2011,377
40,Male,2011,379
41,Male,2011,405
42,Male,2011,447
43,Male,2011,539
44,Male,2011,602
45,Male,2011,590
46,Male,2011,643
47,Male,2011,597
48,Male,2011,569
49,Male,2011,531
50,Male,2011,537
51,Male,2011,547
52,Male,2011,525
53,Male,2011,496
54,Male,2011,462
55,Male,2011,420
56,Male,2011,414
57,Male,2011,382
58,Male,2011,336
59,Male,2011,344
60,Male,2011,322
61,Male,2011,323
62,Male,2011,231
63,Male,2011,284
64,Male,2011,222
65,Male,2011,259
66,Male,2011,222
67,Male,2011,215
68,Male,2011,180
69,Male,2011,166
70,Male,2011,160
71,Male,2011,151
72,Male,2011,90
73,Male,2011,100
74,Male,2011,91
75,Male,2011,79
76,Male,2011,63
77,Male,2011,61
78,Male,2011,61
79,Male,2011,42
80,Male,2011,31
81,Male,2011,32
82,Male,2011,29
83,Male,2011,24
84,Male,2011,12
85,Male,2011,7
86,Male,2011,7
87,Male,2011,10
88,Male,2011,7
89,Male,2011,1
90,Male,2011,1
91,Male,2011,0
92,Male,2011,1
93,Male,2011,1
94,Male,2011,0
95,Male,2011,0
96,Male,2011,0
97,Male,2011,0
98,Male,2011,0
99,Male,2011,0
100+,Male,2011,0
0,Female,2012,382
1,Female,2012,371
2,Female,2012,400
3,Female,2012,408
4,Female,2012,366
5,Female,2012,379
6,Female,2012,406
7,Female,2012,401
8,Female,2012,394
9,Female,2012,370
10,Female,2012,442
11,Female,2012,406
12,Female,2012,388
13,Female,2012,412
14,Female,2012,402
15,Female,2012,436
16,Female,2012,360
17,Female,2012,423
18,Female,2012,454
19,Female,2012,443
20,Female,2012,482
21,Female,2012,449
22,Female,2012,465
23,Female,2012,445
24,Female,2012,460
25,Female,2012,426
26,Female,2012,403
27,Female,2012,425
28,Female,2012,393
29,Female,2012,384
30,Female,2012,400
31,Female,2012,405
32,Female,2012,370
33,Female,2012,346
34,Female,2012,306
35,Female,2012,310
36,Female,2012,300
37,Female,2012,295
38,Female,2012,249
39,Female,2012,266
40,Female,2012,301
41,Female,2012,310
42,Female,2012,321
43,Female,2012,393
44,Female,2012,486
45,Female,2012,477
46,Female,2012,543
47,Female,2012,477
48,Female,2012,534
49,Female,2012,485
50,Female,2012,435
51,Female,2012,481
52,Female,2012,416
53,Female,2012,386
54,Female,2012,366
55,Female,2012,325
56,Female,2012,326
57,Female,2012,295
58,Female,2012,285
59,Female,2012,271
60,Female,2012,223
61,Female,2012,216
62,Female,2012,252
63,Female,2012,159
64,Female,2012,127
65,Female,2012,165
66,Female,2012,154
67,Female,2012,152
68,Female,2012,156
69,Female,2012,146
70,Female,2012,162
71,Female,2012,107
72,Female,2012,129
73,Female,2012,89
74,Female,2012,74
75,Female,2012,94
76,Female,2012,74
77,Female,2012,73
78,Female,2012,68
79,Female,2012,65
80,Female,2012,51
81,Female,2012,46
82,Female,2012,49
83,Female,2012,52
84,Female,2012,25
85,Female,2012,21
86,Female,2012,18
87,Female,2012,19
88,Female,2012,12
89,Female,2012,3
90,Female,2012,5
91,Female,2012,3
92,Female,2012,1
93,Female,2012,4
94,Female,2012,0
95,Female,2012,0
96,Female,2012,1
97,Female,2012,0
98,Female,2012,1
99,Female,2012,0
100+,Female,2012,1
0,Male,2012,376
1,Male,2012,420
2,Male,2012,426
3,Male,2012,463
4,Male,2012,424
5,Male,2012,411
6,Male,2012,373
7,Male,2012,419
8,Male,2012,404
9,Male,2012,423
10,Male,2012,417
11,Male,2012,415
12,Male,2012,411
13,Male,2012,401
14,Male,2012,426
15,Male,2012,476
16,Male,2012,338
17,Male,2012,429
18,Male,2012,435
19,Male,2012,496
20,Male,2012,459
21,Male,2012,475
22,Male,2012,478
23,Male,2012,491
24,Male,2012,459
25,Male,2012,431
26,Male,2012,409
27,Male,2012,465
28,Male,2012,412
29,Male,2012,386
30,Male,2012,431
31,Male,2012,409
32,Male,2012,420
33,Male,2012,358
34,Male,2012,346
35,Male,2012,390
36,Male,2012,345
37,Male,2012,326
38,Male,2012,327
39,Male,2012,345
40,Male,2012,365
41,Male,2012,377
42,Male,2012,409
43,Male,2012,437
44,Male,2012,525
45,Male,2012,595
46,Male,2012,597
47,Male,2012,636
48,Male,2012,592
49,Male,2012,570
50,Male,2012,528
51,Male,2012,524
52,Male,2012,547
53,Male,2012,516
54,Male,2012,492
55,Male,2012,460
56,Male,2012,421
57,Male,2012,408
58,Male,2012,381
59,Male,2012,333
60,Male,2012,332
61,Male,2012,312
62,Male,2012,311
63,Male,2012,215
64,Male,2012,277
65,Male,2012,200
66,Male,2012,245
67,Male,2012,206
68,Male,2012,206
69,Male,2012,170
70,Male,2012,159
71,Male,2012,151
72,Male,2012,141
73,Male,2012,75
74,Male,2012,92
75,Male,2012,77
76,Male,2012,73
77,Male,2012,59
78,Male,2012,56
79,Male,2012,50
80,Male,2012,36
81,Male,2012,28
82,Male,2012,28
83,Male,2012,24
84,Male,2012,20
85,Male,2012,9
86,Male,2012,6
87,Male,2012,6
88,Male,2012,7
89,Male,2012,5
90,Male,2012,1
91,Male,2012,1
92,Male,2012,0
93,Male,2012,1
94,Male,2012,1
95,Male,2012,0
96,Male,2012,0
97,Male,2012,0
98,Male,2012,0
99,Male,2012,0
100+,Male,2012,0
0,Female,2013,366
1,Female,2013,378
2,Female,2013,362
3,Female,2013,398
4,Female,2013,400
5,Female,2013,365
6,Female,2013,375
7,Female,2013,403
8,Female,2013,398
9,Female,2013,395
10,Female,2013,374
11,Female,2013,434
12,Female,2013,401
13,Female,2013,395
14,Female,2013,406
15,Female,2013,395
16,Female,2013,378
17,Female,2013,400
18,Female,2013,436
19,Female,2013,446
20,Female,2013,443
21,Female,2013,469
22,Female,2013,436
23,Female,2013,454
24,Female,2013,444
25,Female,2013,460
26,Female,2013,420
27,Female,2013,409
28,Female,2013,432
29,Female,2013,382
30,Female,2013,391
31,Female,2013,392
32,Female,2013,403
33,Female,2013,367
34,Female,2013,348
35,Female,2013,300
36,Female,2013,302
37,Female,2013,291
38,Female,2013,288
39,Female,2013,254
40,Female,2013,267
41,Female,2013,299
42,Female,2013,304
43,Female,2013,325
44,Female,2013,394
45,Female,2013,481
46,Female,2013,478
47,Female,2013,541
48,Female,2013,471
49,Female,2013,532
50,Female,2013,474
51,Female,2013,433
52,Female,2013,482
53,Female,2013,414
54,Female,2013,380
55,Female,2013,364
56,Female,2013,320
57,Female,2013,328
58,Female,2013,294
59,Female,2013,277
60,Female,2013,270
61,Female,2013,219
62,Female,2013,207
63,Female,2013,247
64,Female,2013,157
65,Female,2013,116
66,Female,2013,161
67,Female,2013,148
68,Female,2013,141
69,Female,2013,146
70,Female,2013,141
71,Female,2013,153
72,Female,2013,104
73,Female,2013,128
74,Female,2013,83
75,Female,2013,70
76,Female,2013,88
77,Female,2013,67
78,Female,2013,67
79,Female,2013,60
80,Female,2013,61
81,Female,2013,50
82,Female,2013,39
83,Female,2013,44
84,Female,2013,46
85,Female,2013,22
86,Female,2013,18
87,Female,2013,14
88,Female,2013,15
89,Female,2013,8
90,Female,2013,3
91,Female,2013,3
92,Female,2013,3
93,Female,2013,0
94,Female,2013,3
95,Female,2013,0
96,Female,2013,0
97,Female,2013,1
98,Female,2013,0
99,Female,2013,1
100+,Female,2013,0
0,Male,2013,437
1,Male,2013,373
2,Male,2013,421
3,Male,2013,423
4,Male,2013,457
5,Male,2013,428
6,Male,2013,411
7,Male,2013,378
8,Male,2013,404
9,Male,2013,404
10,Male,2013,420
11,Male,2013,417
12,Male,2013,416
13,Male,2013,408
14,Male,2013,397
15,Male,2013,412
16,Male,2013,384
17,Male,2013,384
18,Male,2013,431
19,Male,2013,436
20,Male,2013,497
21,Male,2013,446
22,Male,2013,476
23,Male,2013,469
24,Male,2013,475
25,Male,2013,453
26,Male,2013,429
27,Male,2013,410
28,Male,2013,456
29,Male,2013,417
30,Male,2013,384
31,Male,2013,428
32,Male,2013,410
33,Male,2013,414
34,Male,2013,349
35,Male,2013,355
36,Male,2013,377
37,Male,2013,340
38,Male,2013,321
39,Male,2013,324
40,Male,2013,338
41,Male,2013,360
42,Male,2013,373
43,Male,2013,402
44,Male,2013,441
45,Male,2013,522
46,Male,2013,589
47,Male,2013,578
48,Male,2013,629
49,Male,2013,594
50,Male,2013,560
51,Male,2013,526
52,Male,2013,516
53,Male,2013,542
54,Male,2013,506
55,Male,2013,478
56,Male,2013,443
57,Male,2013,407
58,Male,2013,397
59,Male,2013,362
60,Male,2013,321
61,Male,2013,323
62,Male,2013,299
63,Male,2013,306
64,Male,2013,209
65,Male,2013,256
66,Male,2013,188
67,Male,2013,230
68,Male,2013,196
69,Male,2013,201
70,Male,2013,155
71,Male,2013,151
72,Male,2013,146
73,Male,2013,129
74,Male,2013,71
75,Male,2013,83
76,Male,2013,73
77,Male,2013,63
78,Male,2013,51
79,Male,2013,52
80,Male,2013,40
81,Male,2013,33
82,Male,2013,26
83,Male,2013,25
84,Male,2013,20
85,Male,2013,17
86,Male,2013,8
87,Male,2013,6
88,Male,2013,5
89,Male,2013,6
90,Male,2013,4
91,Male,2013,0
92,Male,2013,1
93,Male,2013,0
94,Male,2013,1
95,Male,2013,1
96,Male,2013,0
97,Male,2013,0
98,Male,2013,0
99,Male,2013,0
100+,Male,2013,0
0,Female,2014,396
1,Female,2014,351
2,Female,2014,372
3,Female,2014,355
4,Female,2014,398
5,Female,2014,389
6,Female,2014,359
7,Female,2014,373
8,Female,2014,399
9,Female,2014,393
10,Female,2014,391
11,Female,2014,370
12,Female,2014,424
13,Female,2014,402
14,Female,2014,390
15,Female,2014,395
16,Female,2014,320
17,Female,2014,440
18,Female,2014,415
19,Female,2014,428
20,Female,2014,439
21,Female,2014,420
22,Female,2014,463
23,Female,2014,426
24,Female,2014,449
25,Female,2014,455
26,Female,2014,465
27,Female,2014,419
28,Female,2014,413
29,Female,2014,422
30,Female,2014,387
31,Female,2014,397
32,Female,2014,399
33,Female,2014,392
34,Female,2014,360
35,Female,2014,347
36,Female,2014,287
37,Female,2014,289
38,Female,2014,279
39,Female,2014,280
40,Female,2014,245
41,Female,2014,266
42,Female,2014,297
43,Female,2014,304
44,Female,2014,317
45,Female,2014,396
46,Female,2014,475
47,Female,2014,467
48,Female,2014,538
49,Female,2014,458
50,Female,2014,529
51,Female,2014,466
52,Female,2014,425
53,Female,2014,479
54,Female,2014,395
55,Female,2014,371
56,Female,2014,354
57,Female,2014,316
58,Female,2014,319
59,Female,2014,289
60,Female,2014,267
61,Female,2014,265
62,Female,2014,210
63,Female,2014,200
64,Female,2014,241
65,Female,2014,145
66,Female,2014,107
67,Female,2014,152
68,Female,2014,144
69,Female,2014,138
70,Female,2014,138
71,Female,2014,133
72,Female,2014,146
73,Female,2014,97
74,Female,2014,123
75,Female,2014,74
76,Female,2014,66
77,Female,2014,82
78,Female,2014,62
79,Female,2014,61
80,Female,2014,52
81,Female,2014,51
82,Female,2014,45
83,Female,2014,35
84,Female,2014,36
85,Female,2014,35
86,Female,2014,21
87,Female,2014,12
88,Female,2014,9
89,Female,2014,11
90,Female,2014,5
91,Female,2014,3
92,Female,2014,2
93,Female,2014,2
94,Female,2014,0
95,Female,2014,3
96,Female,2014,0
97,Female,2014,0
98,Female,2014,1
99,Female,2014,0
100+,Female,2014,0
0,Male,2014,403
1,Male,2014,430
2,Male,2014,370
3,Male,2014,409
4,Male,2014,414
5,Male,2014,445
6,Male,2014,418
7,Male,2014,409
8,Male,2014,371
9,Male,2014,402
10,Male,2014,397
11,Male,2014,412
12,Male,2014,420
13,Male,2014,415
14,Male,2014,405
15,Male,2014,381
16,Male,2014,315
17,Male,2014,440
18,Male,2014,397
19,Male,2014,433
20,Male,2014,434
21,Male,2014,496
22,Male,2014,447
23,Male,2014,458
24,Male,2014,465
25,Male,2014,462
26,Male,2014,463
27,Male,2014,429
28,Male,2014,413
29,Male,2014,445
30,Male,2014,410
31,Male,2014,386
32,Male,2014,426
33,Male,2014,412
34,Male,2014,411
35,Male,2014,344
36,Male,2014,343
37,Male,2014,372
38,Male,2014,337
39,Male,2014,319
40,Male,2014,333
41,Male,2014,333
42,Male,2014,352
43,Male,2014,356
44,Male,2014,400
45,Male,2014,431
46,Male,2014,515
47,Male,2014,577
48,Male,2014,574
49,Male,2014,616
50,Male,2014,580
51,Male,2014,553
52,Male,2014,517
53,Male,2014,507
54,Male,2014,532
55,Male,2014,493
56,Male,2014,470
57,Male,2014,431
58,Male,2014,395
59,Male,2014,386
60,Male,2014,362
61,Male,2014,310
62,Male,2014,309
63,Male,2014,293
64,Male,2014,292
65,Male,2014,197
66,Male,2014,240
67,Male,2014,183
68,Male,2014,217
69,Male,2014,188
70,Male,2014,182
71,Male,2014,143
72,Male,2014,143
73,Male,2014,138
74,Male,2014,121
75,Male,2014,67
76,Male,2014,79
77,Male,2014,70
78,Male,2014,55
79,Male,2014,39
80,Male,2014,48
81,Male,2014,34
82,Male,2014,29
83,Male,2014,22
84,Male,2014,23
85,Male,2014,18
86,Male,2014,17
87,Male,2014,6
88,Male,2014,5
89,Male,2014,4
90,Male,2014,6
91,Male,2014,3
92,Male,2014,0
93,Male,2014,1
94,Male,2014,0
95,Male,2014,1
96,Male,2014,1
97,Male,2014,0
98,Male,2014,0
99,Male,2014,0
100+,Male,2014,0
0,Female,2015,411
1,Female,2015,382
2,Female,2015,345
3,Female,2015,366
4,Female,2015,350
5,Female,2015,388
6,Female,2015,385
7,Female,2015,351
8,Female,2015,369
9,Female,2015,392
10,Female,2015,388
11,Female,2015,392
12,Female,2015,363
13,Female,2015,421
14,Female,2015,401
15,Female,2015,369
16,Female,2015,318
17,Female,2015,378
18,Female,2015,439
19,Female,2015,416
20,Female,2015,417
21,Female,2015,421
22,Female,2015,415
23,Female,2015,446
24,Female,2015,415
25,Female,2015,460
26,Female,2015,458
27,Female,2015,475
28,Female,2015,422
29,Female,2015,405
30,Female,2015,425
31,Female,2015,379
32,Female,2015,393
33,Female,2015,388
34,Female,2015,384
35,Female,2015,346
36,Female,2015,340
37,Female,2015,284
38,Female,2015,288
39,Female,2015,281
40,Female,2015,282
41,Female,2015,243
42,Female,2015,257
43,Female,2015,290
44,Female,2015,297
45,Female,2015,309
46,Female,2015,386
47,Female,2015,470
48,Female,2015,459
49,Female,2015,527
50,Female,2015,459
51,Female,2015,525
52,Female,2015,454
53,Female,2015,423
54,Female,2015,471
55,Female,2015,385
56,Female,2015,362
57,Female,2015,346
58,Female,2015,315
59,Female,2015,308
60,Female,2015,287
61,Female,2015,256
62,Female,2015,255
63,Female,2015,204
64,Female,2015,194
65,Female,2015,224
66,Female,2015,137
67,Female,2015,104
68,Female,2015,148
69,Female,2015,131
70,Female,2015,125
71,Female,2015,135
72,Female,2015,129
73,Female,2015,139
74,Female,2015,96
75,Female,2015,110
76,Female,2015,70
77,Female,2015,63
78,Female,2015,78
79,Female,2015,57
80,Female,2015,57
81,Female,2015,40
82,Female,2015,45
83,Female,2015,38
84,Female,2015,30
85,Female,2015,33
86,Female,2015,31
87,Female,2015,15
88,Female,2015,10
89,Female,2015,9
90,Female,2015,9
91,Female,2015,5
92,Female,2015,2
93,Female,2015,1
94,Female,2015,1
95,Female,2015,0
96,Female,2015,2
97,Female,2015,0
98,Female,2015,0
99,Female,2015,0
100+,Female,2015,0
0,Male,2015,431
1,Male,2015,393
2,Male,2015,430
3,Male,2015,376
4,Male,2015,406
5,Male,2015,400
6,Male,2015,445
7,Male,2015,413
8,Male,2015,407
9,Male,2015,363
10,Male,2015,392
11,Male,2015,394
12,Male,2015,406
13,Male,2015,417
14,Male,2015,405
15,Male,2015,380
16,Male,2015,301
17,Male,2015,385
18,Male,2015,450
19,Male,2015,403
20,Male,2015,435
21,Male,2015,429
22,Male,2015,490
23,Male,2015,437
24,Male,2015,459
25,Male,2015,463
26,Male,2015,484
27,Male,2015,470
28,Male,2015,429
29,Male,2015,412
30,Male,2015,446
31,Male,2015,416
32,Male,2015,392
33,Male,2015,426
34,Male,2015,401
35,Male,2015,416
36,Male,2015,349
37,Male,2015,325
38,Male,2015,365
39,Male,2015,334
40,Male,2015,317
41,Male,2015,327
42,Male,2015,341
43,Male,2015,348
44,Male,2015,358
45,Male,2015,395
46,Male,2015,420
47,Male,2015,512
48,Male,2015,569
49,Male,2015,564
50,Male,2015,619
51,Male,2015,577
52,Male,2015,551
53,Male,2015,510
54,Male,2015,507
55,Male,2015,520
56,Male,2015,486
57,Male,2015,463
58,Male,2015,424
59,Male,2015,392
60,Male,2015,384
61,Male,2015,348
62,Male,2015,302
63,Male,2015,298
64,Male,2015,273
65,Male,2015,276
66,Male,2015,181
67,Male,2015,226
68,Male,2015,175
69,Male,2015,206
70,Male,2015,172
71,Male,2015,166
72,Male,2015,134
73,Male,2015,133
74,Male,2015,128
75,Male,2015,111
76,Male,2015,62
77,Male,2015,68
78,Male,2015,66
79,Male,2015,44
80,Male,2015,34
81,Male,2015,43
82,Male,2015,32
83,Male,2015,23
84,Male,2015,18
85,Male,2015,17
86,Male,2015,16
87,Male,2015,13
88,Male,2015,5
89,Male,2015,4
90,Male,2015,2
91,Male,2015,4
92,Male,2015,3
93,Male,2015,0
94,Male,2015,0
95,Male,2015,0
96,Male,2015,1
97,Male,2015,0
98,Male,2015,0
99,Male,2015,0
100+,Male,2015,0
0,Female,2016,394
1,Female,2016,403
2,Female,2016,381
3,Female,2016,355
4,Female,2016,368
5,Female,2016,359
6,Female,2016,392
7,Female,2016,385
8,Female,2016,359
9,Female,2016,360
10,Female,2016,385
11,Female,2016,386
12,Female,2016,387
13,Female,2016,360
14,Female,2016,418
15,Female,2016,394
16,Female,2016,304
17,Female,2016,374
18,Female,2016,380
19,Female,2016,433
20,Female,2016,411
21,Female,2016,407
22,Female,2016,421
23,Female,2016,414
24,Female,2016,448
25,Female,2016,422
26,Female,2016,456
27,Female,2016,460
28,Female,2016,471
29,Female,2016,427
30,Female,2016,409
31,Female,2016,416
32,Female,2016,370
33,Female,2016,383
34,Female,2016,390
35,Female,2016,384
36,Female,2016,351
37,Female,2016,341
38,Female,2016,282
39,Female,2016,289
40,Female,2016,273
41,Female,2016,281
42,Female,2016,242
43,Female,2016,256
44,Female,2016,286
45,Female,2016,295
46,Female,2016,307
47,Female,2016,381
48,Female,2016,462
49,Female,2016,457
50,Female,2016,518
51,Female,2016,452
52,Female,2016,514
53,Female,2016,455
54,Female,2016,412
55,Female,2016,465
56,Female,2016,380
57,Female,2016,361
58,Female,2016,343
59,Female,2016,310
60,Female,2016,306
61,Female,2016,280
62,Female,2016,243
63,Female,2016,245
64,Female,2016,196
65,Female,2016,183
66,Female,2016,215
67,Female,2016,132
68,Female,2016,103
69,Female,2016,142
70,Female,2016,121
71,Female,2016,122
72,Female,2016,130
73,Female,2016,119
74,Female,2016,130
75,Female,2016,92
76,Female,2016,102
77,Female,2016,65
78,Female,2016,60
79,Female,2016,65
80,Female,2016,51
81,Female,2016,49
82,Female,2016,35
83,Female,2016,41
84,Female,2016,32
85,Female,2016,28
86,Female,2016,32
87,Female,2016,25
88,Female,2016,12
89,Female,2016,8
90,Female,2016,7
91,Female,2016,7
92,Female,2016,5
93,Female,2016,1
94,Female,2016,1
95,Female,2016,1
96,Female,2016,0
97,Female,2016,2
98,Female,2016,0
99,Female,2016,0
100+,Female,2016,0
0,Male,2016,425
1,Male,2016,428
2,Male,2016,402
3,Male,2016,436
4,Male,2016,375
5,Male,2016,401
6,Male,2016,408
7,Male,2016,432
8,Male,2016,414
9,Male,2016,402
10,Male,2016,361
11,Male,2016,386
12,Male,2016,397
13,Male,2016,404
14,Male,2016,416
15,Male,2016,395
16,Male,2016,290
17,Male,2016,349
18,Male,2016,400
19,Male,2016,452
20,Male,2016,401
21,Male,2016,434
22,Male,2016,436
23,Male,2016,487
24,Male,2016,437
25,Male,2016,454
26,Male,2016,488
27,Male,2016,496
28,Male,2016,462
29,Male,2016,435
30,Male,2016,411
31,Male,2016,461
32,Male,2016,410
33,Male,2016,403
34,Male,2016,421
35,Male,2016,396
36,Male,2016,412
37,Male,2016,342
38,Male,2016,330
39,Male,2016,358
40,Male,2016,334
41,Male,2016,313
42,Male,2016,316
43,Male,2016,333
44,Male,2016,341
45,Male,2016,351
46,Male,2016,392
47,Male,2016,411
48,Male,2016,497
49,Male,2016,560
50,Male,2016,560
51,Male,2016,606
52,Male,2016,569
53,Male,2016,526
54,Male,2016,506
55,Male,2016,489
56,Male,2016,511
57,Male,2016,474
58,Male,2016,459
59,Male,2016,416
60,Male,2016,381
61,Male,2016,372
62,Male,2016,331
63,Male,2016,290
64,Male,2016,281
65,Male,2016,264
66,Male,2016,263
67,Male,2016,171
68,Male,2016,214
69,Male,2016,164
70,Male,2016,192
71,Male,2016,163
72,Male,2016,156
73,Male,2016,122
74,Male,2016,126
75,Male,2016,110
76,Male,2016,95
77,Male,2016,59
78,Male,2016,60
79,Male,2016,57
80,Male,2016,37
81,Male,2016,30
82,Male,2016,37
83,Male,2016,23
84,Male,2016,21
85,Male,2016,13
86,Male,2016,13
87,Male,2016,12
88,Male,2016,11
89,Male,2016,3
90,Male,2016,2
91,Male,2016,1
92,Male,2016,4
93,Male,2016,3
94,Male,2016,0
95,Male,2016,0
96,Male,2016,0
97,Male,2016,1
98,Male,2016,0
99,Male,2016,0
100+,Male,2016,0
0,Female,2017,404
1,Female,2017,383
2,Female,2017,401
3,Female,2017,382
4,Female,2017,352
5,Female,2017,368
6,Female,2017,360
7,Female,2017,393
8,Female,2017,383
9,Female,2017,359
10,Female,2017,355
11,Female,2017,388
12,Female,2017,394
13,Female,2017,376
14,Female,2017,345
15,Female,2017,397
16,Female,2017,301
17,Female,2017,352
18,Female,2017,389
19,Female,2017,383
20,Female,2017,428
21,Female,2017,398
22,Female,2017,405
23,Female,2017,426
24,Female,2017,415
25,Female,2017,459
26,Female,2017,441
27,Female,2017,458
28,Female,2017,463
29,Female,2017,491
30,Female,2017,424
31,Female,2017,413
32,Female,2017,411
33,Female,2017,377
34,Female,2017,377
35,Female,2017,382
36,Female,2017,376
37,Female,2017,351
38,Female,2017,330
39,Female,2017,278
40,Female,2017,293
41,Female,2017,266
42,Female,2017,273
43,Female,2017,238
44,Female,2017,255
45,Female,2017,282
46,Female,2017,289
47,Female,2017,306
48,Female,2017,370
49,Female,2017,462
50,Female,2017,454
51,Female,2017,515
52,Female,2017,446
53,Female,2017,506
54,Female,2017,446
55,Female,2017,408
56,Female,2017,455
57,Female,2017,379
58,Female,2017,357
59,Female,2017,338
60,Female,2017,305
61,Female,2017,298
62,Female,2017,271
63,Female,2017,237
64,Female,2017,235
65,Female,2017,190
66,Female,2017,172
67,Female,2017,207
68,Female,2017,125
69,Female,2017,96
70,Female,2017,132
71,Female,2017,115
72,Female,2017,113
73,Female,2017,118
74,Female,2017,109
75,Female,2017,121
76,Female,2017,88
77,Female,2017,92
78,Female,2017,61
79,Female,2017,55
80,Female,2017,59
81,Female,2017,42
82,Female,2017,45
83,Female,2017,28
84,Female,2017,39
85,Female,2017,26
86,Female,2017,22
87,Female,2017,27
88,Female,2017,20
89,Female,2017,9
90,Female,2017,7
91,Female,2017,6
92,Female,2017,5
93,Female,2017,5
94,Female,2017,0
95,Female,2017,1
96,Female,2017,0
97,Female,2017,0
98,Female,2017,1
99,Female,2017,0
100+,Female,2017,0
0,Male,2017,443
1,Male,2017,424
2,Male,2017,427
3,Male,2017,392
4,Male,2017,435
5,Male,2017,371
6,Male,2017,401
7,Male,2017,401
8,Male,2017,430
9,Male,2017,409
10,Male,2017,401
11,Male,2017,365
12,Male,2017,395
13,Male,2017,402
14,Male,2017,404
15,Male,2017,398
16,Male,2017,291
17,Male,2017,350
18,Male,2017,370
19,Male,2017,402
20,Male,2017,454
21,Male,2017,407
22,Male,2017,440
23,Male,2017,431
24,Male,2017,481
25,Male,2017,447
26,Male,2017,449
27,Male,2017,485
28,Male,2017,501
29,Male,2017,465
30,Male,2017,442
31,Male,2017,407
32,Male,2017,452
33,Male,2017,407
34,Male,2017,399
35,Male,2017,422
36,Male,2017,392
37,Male,2017,407
38,Male,2017,340
39,Male,2017,327
40,Male,2017,354
41,Male,2017,332
42,Male,2017,309
43,Male,2017,321
44,Male,2017,326
45,Male,2017,338
46,Male,2017,345
47,Male,2017,388
48,Male,2017,412
49,Male,2017,497
50,Male,2017,552
51,Male,2017,561
52,Male,2017,585
53,Male,2017,555
54,Male,2017,519
55,Male,2017,494
56,Male,2017,488
57,Male,2017,498
58,Male,2017,466
59,Male,2017,451
60,Male,2017,409
61,Male,2017,370
62,Male,2017,357
63,Male,2017,321
64,Male,2017,274
65,Male,2017,266
66,Male,2017,244
67,Male,2017,251
68,Male,2017,155
69,Male,2017,201
70,Male,2017,156
71,Male,2017,173
72,Male,2017,149
73,Male,2017,149
74,Male,2017,116
75,Male,2017,117
76,Male,2017,104
77,Male,2017,84
78,Male,2017,54
79,Male,2017,53
80,Male,2017,50
81,Male,2017,33
82,Male,2017,26
83,Male,2017,33
84,Male,2017,22
85,Male,2017,16
86,Male,2017,9
87,Male,2017,9
88,Male,2017,10
89,Male,2017,10
90,Male,2017,2
91,Male,2017,1
92,Male,2017,1
93,Male,2017,3
94,Male,2017,3
95,Male,2017,0
96,Male,2017,0
97,Male,2017,0
98,Male,2017,1
99,Male,2017,0
100+,Male,2017,0
0,Female,2018,388
1,Female,2018,407
2,Female,2018,385
3,Female,2018,398
4,Female,2018,374
5,Female,2018,348
6,Female,2018,369
7,Female,2018,364
8,Female,2018,394
9,Female,2018,386
10,Female,2018,355
11,Female,2018,356
12,Female,2018,387
13,Female,2018,387
14,Female,2018,365
15,Female,2018,337
16,Female,2018,316
17,Female,2018,368
18,Female,2018,352
19,Female,2018,388
20,Female,2018,391
21,Female,2018,419
22,Female,2018,399
23,Female,2018,412
24,Female,2018,424
25,Female,2018,419
26,Female,2018,465
27,Female,2018,442
28,Female,2018,467
29,Female,2018,477
30,Female,2018,503
31,Female,2018,425
32,Female,2018,404
33,Female,2018,415
34,Female,2018,369
35,Female,2018,369
36,Female,2018,375
37,Female,2018,372
38,Female,2018,343
39,Female,2018,324
40,Female,2018,277
41,Female,2018,292
42,Female,2018,258
43,Female,2018,272
44,Female,2018,238
45,Female,2018,255
46,Female,2018,276
47,Female,2018,290
48,Female,2018,308
49,Female,2018,365
50,Female,2018,452
51,Female,2018,440
52,Female,2018,513
53,Female,2018,446
54,Female,2018,497
55,Female,2018,439
56,Female,2018,403
57,Female,2018,448
58,Female,2018,380
59,Female,2018,349
60,Female,2018,331
61,Female,2018,296
62,Female,2018,288
63,Female,2018,261
64,Female,2018,232
65,Female,2018,222
66,Female,2018,172
67,Female,2018,167
68,Female,2018,199
69,Female,2018,116
70,Female,2018,92
71,Female,2018,129
72,Female,2018,111
73,Female,2018,103
74,Female,2018,114
75,Female,2018,106
76,Female,2018,109
77,Female,2018,81
78,Female,2018,83
79,Female,2018,56
80,Female,2018,50
81,Female,2018,51
82,Female,2018,37
83,Female,2018,39
84,Female,2018,22
85,Female,2018,35
86,Female,2018,25
87,Female,2018,18
88,Female,2018,18
89,Female,2018,18
90,Female,2018,5
91,Female,2018,5
92,Female,2018,4
93,Female,2018,4
94,Female,2018,4
95,Female,2018,0
96,Female,2018,0
97,Female,2018,0
98,Female,2018,0
99,Female,2018,0
100+,Female,2018,0
0,Male,2018,423
1,Male,2018,436
2,Male,2018,423
3,Male,2018,424
4,Male,2018,391
5,Male,2018,434
6,Male,2018,362
7,Male,2018,399
8,Male,2018,405
9,Male,2018,424
10,Male,2018,408
11,Male,2018,397
12,Male,2018,360
13,Male,2018,394
14,Male,2018,391
15,Male,2018,394
16,Male,2018,313
17,Male,2018,376
18,Male,2018,355
19,Male,2018,364
20,Male,2018,411
21,Male,2018,458
22,Male,2018,416
23,Male,2018,432
24,Male,2018,432
25,Male,2018,497
26,Male,2018,452
27,Male,2018,461
28,Male,2018,500
29,Male,2018,508
30,Male,2018,466
31,Male,2018,441
32,Male,2018,415
33,Male,2018,448
34,Male,2018,399
35,Male,2018,401
36,Male,2018,427
37,Male,2018,386
38,Male,2018,406
39,Male,2018,344
40,Male,2018,324
41,Male,2018,355
42,Male,2018,336
43,Male,2018,306
44,Male,2018,315
45,Male,2018,317
46,Male,2018,335
47,Male,2018,340
48,Male,2018,381
49,Male,2018,408
50,Male,2018,495
51,Male,2018,550
52,Male,2018,557
53,Male,2018,586
54,Male,2018,543
55,Male,2018,507
56,Male,2018,477
57,Male,2018,481
58,Male,2018,496
59,Male,2018,456
60,Male,2018,435
61,Male,2018,395
62,Male,2018,360
63,Male,2018,343
64,Male,2018,304
65,Male,2018,254
66,Male,2018,254
67,Male,2018,230
68,Male,2018,239
69,Male,2018,149
70,Male,2018,183
71,Male,2018,149
72,Male,2018,167
73,Male,2018,139
74,Male,2018,142
75,Male,2018,104
76,Male,2018,110
77,Male,2018,92
78,Male,2018,76
79,Male,2018,50
80,Male,2018,44
81,Male,2018,44
82,Male,2018,28
83,Male,2018,22
84,Male,2018,30
85,Male,2018,19
86,Male,2018,12
87,Male,2018,8
88,Male,2018,8
89,Male,2018,8
90,Male,2018,8
91,Male,2018,2
92,Male,2018,1
93,Male,2018,1
94,Male,2018,2
95,Male,2018,2
96,Male,2018,0
97,Male,2018,0
98,Male,2018,0
99,Male,2018,1
100+,Male,2018,0
0,Female,2019,424
1,Female,2019,383
2,Female,2019,415
3,Female,2019,381
4,Female,2019,400
5,Female,2019,376
6,Female,2019,351
7,Female,2019,366
8,Female,2019,360
9,Female,2019,388
10,Female,2019,380
11,Female,2019,353
12,Female,2019,352
13,Female,2019,380
14,Female,2019,380
15,Female,2019,351
16,Female,2019,266
17,Female,2019,376
18,Female,2019,377
19,Female,2019,362
20,Female,2019,388
21,Female,2019,380
22,Female,2019,414
23,Female,2019,401
24,Female,2019,420
25,Female,2019,433
26,Female,2019,443
27,Female,2019,487
28,Female,2019,458
29,Female,2019,484
30,Female,2019,489
31,Female,2019,477
32,Female,2019,418
33,Female,2019,408
34,Female,2019,404
35,Female,2019,356
36,Female,2019,355
37,Female,2019,379
38,Female,2019,363
39,Female,2019,343
40,Female,2019,325
41,Female,2019,274
42,Female,2019,288
43,Female,2019,256
44,Female,2019,271
45,Female,2019,239
46,Female,2019,259
47,Female,2019,267
48,Female,2019,286
49,Female,2019,308
50,Female,2019,367
51,Female,2019,447
52,Female,2019,431
53,Female,2019,496
54,Female,2019,437
55,Female,2019,494
56,Female,2019,438
57,Female,2019,391
58,Female,2019,440
59,Female,2019,375
60,Female,2019,343
61,Female,2019,320
62,Female,2019,287
63,Female,2019,276
64,Female,2019,243
65,Female,2019,221
66,Female,2019,209
67,Female,2019,161
68,Female,2019,160
69,Female,2019,194
70,Female,2019,109
71,Female,2019,90
72,Female,2019,122
73,Female,2019,102
74,Female,2019,97
75,Female,2019,106
76,Female,2019,97
77,Female,2019,102
78,Female,2019,73
79,Female,2019,74
80,Female,2019,55
81,Female,2019,45
82,Female,2019,48
83,Female,2019,30
84,Female,2019,34
85,Female,2019,21
86,Female,2019,25
87,Female,2019,20
88,Female,2019,14
89,Female,2019,18
90,Female,2019,9
91,Female,2019,4
92,Female,2019,2
93,Female,2019,3
94,Female,2019,3
95,Female,2019,3
96,Female,2019,0
97,Female,2019,0
98,Female,2019,0
99,Female,2019,0
100+,Female,2019,0
0,Male,2019,416
1,Male,2019,423
2,Male,2019,435
3,Male,2019,427
4,Male,2019,418
5,Male,2019,388
6,Male,2019,429
7,Male,2019,359
8,Male,2019,394
9,Male,2019,398
10,Male,2019,421
11,Male,2019,397
12,Male,2019,393
13,Male,2019,358
14,Male,2019,395
15,Male,2019,369
16,Male,2019,308
17,Male,2019,367
18,Male,2019,378
19,Male,2019,359
20,Male,2019,363
21,Male,2019,404
22,Male,2019,457
23,Male,2019,406
24,Male,2019,434
25,Male,2019,428
26,Male,2019,506
27,Male,2019,461
28,Male,2019,492
29,Male,2019,501
30,Male,2019,503
31,Male,2019,479
32,Male,2019,442
33,Male,2019,417
34,Male,2019,442
35,Male,2019,397
36,Male,2019,404
37,Male,2019,430
38,Male,2019,386
39,Male,2019,401
40,Male,2019,341
41,Male,2019,329
42,Male,2019,353
43,Male,2019,337
44,Male,2019,305
45,Male,2019,303
46,Male,2019,319
47,Male,2019,337
48,Male,2019,337
49,Male,2019,382
50,Male,2019,404
51,Male,2019,489
52,Male,2019,546
53,Male,2019,549
54,Male,2019,588
55,Male,2019,528
56,Male,2019,493
57,Male,2019,468
58,Male,2019,476
59,Male,2019,488
60,Male,2019,452
61,Male,2019,424
62,Male,2019,394
63,Male,2019,354
64,Male,2019,336
65,Male,2019,287
66,Male,2019,237
67,Male,2019,238
68,Male,2019,211
69,Male,2019,222
70,Male,2019,142
71,Male,2019,174
72,Male,2019,138
73,Male,2019,154
74,Male,2019,129
75,Male,2019,129
76,Male,2019,98
77,Male,2019,90
78,Male,2019,82
79,Male,2019,65
80,Male,2019,46
81,Male,2019,34
82,Male,2019,37
83,Male,2019,24
84,Male,2019,18
85,Male,2019,22
86,Male,2019,15
87,Male,2019,10
88,Male,2019,7
89,Male,2019,5
90,Male,2019,8
91,Male,2019,5
92,Male,2019,1
93,Male,2019,1
94,Male,2019,1
95,Male,2019,1
96,Male,2019,2
97,Male,2019,0
98,Male,2019,0
99,Male,2019,0
100+,Male,2019,1
0,Female,2020,418
1,Female,2020,420
2,Female,2020,382
3,Female,2020,414
4,Female,2020,381
5,Female,2020,399
6,Female,2020,373
7,Female,2020,343
8,Female,2020,365
9,Female,2020,360
10,Female,2020,386
11,Female,2020,381
12,Female,2020,343
13,Female,2020,346
14,Female,2020,371
15,Female,2020,380
16,Female,2020,290
17,Female,2020,318
18,Female,2020,393
19,Female,2020,374
20,Female,2020,363
21,Female,2020,381
22,Female,2020,383
23,Female,2020,418
24,Female,2020,408
25,Female,2020,427
26,Female,2020,437
27,Female,2020,441
28,Female,2020,496
29,Female,2020,465
30,Female,2020,488
31,Female,2020,487
32,Female,2020,475
33,Female,2020,421
34,Female,2020,405
35,Female,2020,406
36,Female,2020,362
37,Female,2020,355
38,Female,2020,378
39,Female,2020,367
40,Female,2020,338
41,Female,2020,316
42,Female,2020,277
43,Female,2020,292
44,Female,2020,259
45,Female,2020,270
46,Female,2020,237
47,Female,2020,253
48,Female,2020,265
49,Female,2020,286
50,Female,2020,302
51,Female,2020,359
52,Female,2020,446
53,Female,2020,435
54,Female,2020,488
55,Female,2020,437
56,Female,2020,483
57,Female,2020,429
58,Female,2020,381
59,Female,2020,431
60,Female,2020,369
61,Female,2020,335
62,Female,2020,310
63,Female,2020,284
64,Female,2020,262
65,Female,2020,234
66,Female,2020,214
67,Female,2020,192
68,Female,2020,154
69,Female,2020,151
70,Female,2020,185
71,Female,2020,103
72,Female,2020,84
73,Female,2020,119
74,Female,2020,99
75,Female,2020,90
76,Female,2020,102
77,Female,2020,87
78,Female,2020,93
79,Female,2020,67
80,Female,2020,63
81,Female,2020,47
82,Female,2020,43
83,Female,2020,44
84,Female,2020,27
85,Female,2020,29
86,Female,2020,17
87,Female,2020,22
88,Female,2020,16
89,Female,2020,11
90,Female,2020,17
91,Female,2020,8
92,Female,2020,2
93,Female,2020,2
94,Female,2020,3
95,Female,2020,2
96,Female,2020,1
97,Female,2020,0
98,Female,2020,0
99,Female,2020,0
100+,Female,2020,0
0,Male,2020,410
1,Male,2020,416
2,Male,2020,424
3,Male,2020,440
4,Male,2020,429
5,Male,2020,419
6,Male,2020,388
7,Male,2020,428
8,Male,2020,359
9,Male,2020,391
10,Male,2020,394
11,Male,2020,419
12,Male,2020,403
13,Male,2020,387
14,Male,2020,359
15,Male,2020,386
16,Male,2020,323
17,Male,2020,362
18,Male,2020,378
19,Male,2020,381
20,Male,2020,362
21,Male,2020,361
22,Male,2020,400
23,Male,2020,452
24,Male,2020,422
25,Male,2020,440
26,Male,2020,430
27,Male,2020,518
28,Male,2020,459
29,Male,2020,498
30,Male,2020,506
31,Male,2020,518
32,Male,2020,470
33,Male,2020,450
34,Male,2020,421
35,Male,2020,444
36,Male,2020,399
37,Male,2020,399
38,Male,2020,430
39,Male,2020,392
40,Male,2020,413
41,Male,2020,346
42,Male,2020,321
43,Male,2020,356
44,Male,2020,333
45,Male,2020,313
46,Male,2020,303
47,Male,2020,326
48,Male,2020,335
49,Male,2020,337
50,Male,2020,386
51,Male,2020,401
52,Male,2020,488
53,Male,2020,539
54,Male,2020,544
55,Male,2020,575
56,Male,2020,530
57,Male,2020,490
58,Male,2020,467
59,Male,2020,470
60,Male,2020,482
61,Male,2020,447
62,Male,2020,412
63,Male,2020,378
64,Male,2020,341
65,Male,2020,320
66,Male,2020,278
67,Male,2020,226
68,Male,2020,225
69,Male,2020,199
70,Male,2020,206
71,Male,2020,134
72,Male,2020,164
73,Male,2020,128
74,Male,2020,144
75,Male,2020,113
76,Male,2020,113
77,Male,2020,89
78,Male,2020,80
79,Male,2020,65
80,Male,2020,61
81,Male,2020,41
82,Male,2020,33
83,Male,2020,32
84,Male,2020,21
85,Male,2020,12
86,Male,2020,19
87,Male,2020,12
88,Male,2020,10
89,Male,2020,6
90,Male,2020,2
91,Male,2020,7
92,Male,2020,2
93,Male,2020,1
94,Male,2020,1
95,Male,2020,1
96,Male,2020,1
97,Male,2020,2
98,Male,2020,0
99,Male,2020,0
100+,Male,2020,1
